{"stats":{"minecraft:picked_up":{"minecraft:birch_log":12,"minecraft:stick":1,"minecraft:crafting_table":1,"minecraft:feather":3,"minecraft:chicken":3,"minecraft:leather":5,"minecraft:dandelion":1,"minecraft:porkchop":5,"minecraft:oak_log":46,"minecraft:dirt":18,"minecraft:wheat_seeds":3,"minecraft:beef":9,"minecraft:light_gray_wool":1,"minecraft:mutton":5,"minecraft:white_wool":3,"minecraft:cobblestone":12,"minecraft:egg":2},"minecraft:broken":{"minecraft:wooden_axe":1},"minecraft:killed":{"minecraft:sheep":4,"minecraft:donkey":1,"minecraft:pig":2,"minecraft:chicken":3,"alexsmobs:crow":1,"minecraft:cow":5},"minecraft:mined":{"minecraft:dandelion":1,"minecraft:crafting_table":1,"minecraft:grass":37,"minecraft:grass_block":6,"minecraft:oak_log":5,"minecraft:dirt":12,"minecraft:tall_grass":10,"minecraft:stone":12,"minecraft:fern":1},"minecraft:custom":{"minecraft:time_since_rest":28966,"minecraft:interact_with_furnace":7,"minecraft:sprint_one_cm":73032,"minecraft:damage_taken":335,"minecraft:walk_one_cm":41216,"minecraft:mob_kills":16,"minecraft:damage_dealt":1706,"minecraft:interact_with_crafting_table":9,"minecraft:fly_one_cm":103335,"minecraft:player_kills":1,"minecraft:open_chest":1,"minecraft:crouch_one_cm":293,"minecraft:play_time":28966,"minecraft:sneak_time":109,"minecraft:jump":416,"minecraft:leave_game":3,"minecraft:time_since_death":28966,"minecraft:walk_on_water_one_cm":804,"minecraft:climb_one_cm":60,"minecraft:total_world_time":28966,"minecraft:fall_one_cm":12644},"minecraft:crafted":{"minecraft:cooked_beef":2,"minecraft:oak_planks":156,"minecraft:wooden_shovel":1,"minecraft:charcoal":7,"minecraft:crafting_table":1,"minecraft:stick":8,"quark:oak_chest":2,"minecraft:cooked_chicken":1,"minecraft:wooden_pickaxe":1,"minecraft:wooden_axe":1,"minecraft:furnace":1,"minecraft:stone_axe":1,"minecraft:air":0},"minecraft:used":{"minecraft:wooden_axe":13,"minecraft:chicken":1,"minecraft:wooden_pickaxe":14,"minecraft:wooden_shovel":18,"minecraft:cooked_chicken":1,"minecraft:stone_axe":20,"minecraft:beef":1,"minecraft:crafting_table":2,"minecraft:furnace":1,"minecraft:porkchop":5,"quark:oak_chest":2,"minecraft:cooked_beef":2,"minecraft:dandelion":1}},"DataVersion":3465}