{"stats":{"minecraft:picked_up":{"minecraft:stick":1,"minecraft:oak_log":5,"minecraft:wheat_seeds":1},"minecraft:mined":{"minecraft:grass":5,"minecraft:oak_log":5,"minecraft:fern":1},"minecraft:custom":{"minecraft:jump":60,"minecraft:time_since_rest":3687,"minecraft:leave_game":1,"minecraft:damage_dealt":247,"minecraft:sprint_one_cm":8458,"minecraft:play_time":3687,"minecraft:damage_taken":195,"minecraft:time_since_death":3687,"minecraft:walk_one_cm":8100,"minecraft:total_world_time":3687,"minecraft:fall_one_cm":418,"minecraft:fly_one_cm":8397,"minecraft:player_kills":1},"minecraft:crafted":{"minecraft:oak_planks":20}},"DataVersion":3465}