{"stats":{"minecraft:dropped":{"minecraft:oak_log":1,"alexsmobs:animal_dictionary":1},"minecraft:picked_up":{"minecraft:crafting_table":5,"minecraft:raw_iron":1,"minecraft:leather":3,"minecraft:porkchop":5,"minecraft:oak_log":19,"alexsmobs:animal_dictionary":1,"minecraft:dirt":6,"minecraft:beef":5,"minecraft:cobblestone":42},"minecraft:killed":{"minecraft:pig":2,"minecraft:cow":2},"minecraft:mined":{"minecraft:iron_ore":1,"minecraft:crafting_table":5,"minecraft:grass":3,"minecraft:grass_block":3,"minecraft:oak_log":16,"minecraft:dirt":3,"minecraft:stone":42,"minecraft:oak_leaves":5},"minecraft:custom":{"minecraft:time_since_rest":13868,"minecraft:sprint_one_cm":29241,"minecraft:damage_taken":90,"minecraft:walk_one_cm":65821,"minecraft:mob_kills":4,"minecraft:drop":2,"minecraft:damage_dealt":371,"minecraft:interact_with_crafting_table":6,"minecraft:fly_one_cm":25311,"minecraft:crouch_one_cm":1996,"minecraft:play_time":13868,"minecraft:sneak_time":479,"minecraft:walk_under_water_one_cm":1202,"minecraft:jump":202,"minecraft:leave_game":2,"minecraft:time_since_death":13868,"minecraft:walk_on_water_one_cm":61,"minecraft:total_world_time":13868,"minecraft:fall_one_cm":4903},"minecraft:crafted":{"minecraft:oak_planks":72,"minecraft:crafting_table":1,"minecraft:stick":24,"minecraft:wooden_pickaxe":1,"minecraft:stone_pickaxe":1,"minecraft:wooden_axe":1,"minecraft:stone_axe":1},"minecraft:used":{"minecraft:wooden_axe":29,"minecraft:stone_pickaxe":10,"minecraft:wooden_pickaxe":34,"minecraft:stone_axe":2,"minecraft:dirt":6,"minecraft:crafting_table":5,"alexsmobs:animal_dictionary":1}},"DataVersion":3465}