{"stats":{"minecraft:killed_by":{"minecraft:player":1},"minecraft:dropped":{"minecraft:oak_sapling":1,"minecraft:stone_pickaxe":1},"minecraft:picked_up":{"minecraft:birch_log":7,"minecraft:crafting_table":2,"minecraft:andesite":67,"minecraft:leather":3,"create:raw_zinc":20,"minecraft:oak_log":51,"minecraft:amethyst_block":4,"minecraft:dirt":75,"minecraft:string":5,"minecraft:raw_copper":126,"minecraft:bone":2,"minecraft:apple":1,"minecraft:wheat_seeds":4,"minecraft:beef":3,"minecraft:calcite":6,"minecraft:furnace":1,"minecraft:stick":5,"minecraft:raw_iron":28,"minecraft:smooth_basalt":8,"minecraft:copper_ingot":2,"minecraft:torch":6,"create:andesite_casing":2,"minecraft:gravel":11,"minecraft:sand":38,"tombstone:grave_dust":4,"minecraft:diorite":14,"quark:oak_chest":1,"minecraft:spider_eye":1,"minecraft:arrow":2,"minecraft:rotten_flesh":1,"minecraft:granite":18,"minecraft:oak_sapling":3,"minecraft:coal":46,"minecraft:cobblestone":92},"minecraft:broken":{"minecraft:wooden_pickaxe":1},"minecraft:killed":{"minecraft:zombie_villager":1,"minecraft:spider":2,"minecraft:skeleton":2,"minecraft:zombie":1,"minecraft:cow":2},"minecraft:mined":{"create:zinc_ore":20,"minecraft:large_amethyst_bud":2,"quark:oak_chest":1,"create:andesite_casing":2,"minecraft:crafting_table":2,"minecraft:torch":3,"minecraft:granite":18,"minecraft:budding_amethyst":2,"minecraft:grass_block":41,"minecraft:calcite":6,"minecraft:copper_ore":17,"minecraft:diorite":14,"minecraft:wall_torch":1,"minecraft:amethyst_block":5,"minecraft:furnace":1,"minecraft:iron_ore":28,"minecraft:andesite":67,"minecraft:grass":25,"minecraft:oak_log":11,"minecraft:coal_ore":31,"minecraft:small_amethyst_bud":1,"minecraft:gravel":8,"minecraft:sand":38,"minecraft:dirt":35,"minecraft:smooth_basalt":8,"minecraft:stone":93,"minecraft:oak_leaves":14},"minecraft:custom":{"minecraft:interact_with_furnace":19,"minecraft:mob_kills":9,"minecraft:interact_with_crafting_table":20,"minecraft:leave_game":2,"minecraft:time_since_death":51709,"minecraft:time_since_rest":51400,"minecraft:sprint_one_cm":78931,"minecraft:damage_taken":401,"minecraft:walk_one_cm":110109,"minecraft:damage_blocked_by_shield":230,"minecraft:drop":2,"minecraft:damage_dealt":1742,"minecraft:swim_one_cm":12033,"minecraft:fly_one_cm":67939,"minecraft:open_chest":25,"minecraft:crouch_one_cm":1138,"minecraft:play_time":53536,"tombstone:undead_killed":4,"minecraft:deaths":1,"minecraft:sneak_time":622,"minecraft:walk_under_water_one_cm":30081,"minecraft:jump":596,"minecraft:walk_on_water_one_cm":12494,"minecraft:total_world_time":53536,"minecraft:fall_one_cm":6502},"minecraft:crafted":{"minecraft:cooked_beef":3,"create:depot":1,"minecraft:oak_planks":28,"create:andesite_alloy":3,"minecraft:crafting_table":1,"minecraft:wooden_pickaxe":1,"create:zinc_nugget":27,"minecraft:furnace":2,"minecraft:copper_ingot":66,"ironchest:copper_chest":1,"minecraft:bucket":1,"minecraft:stone_axe":1,"minecraft:air":0,"minecraft:shield":1,"minecraft:stick":28,"quark:oak_chest":1,"minecraft:iron_ingot":17,"minecraft:iron_pickaxe":1,"minecraft:stone_pickaxe":2,"minecraft:stone_hoe":1,"minecraft:torch":28,"create:zinc_ingot":3},"minecraft:used":{"minecraft:wheat_seeds":4,"minecraft:stone_pickaxe":211,"minecraft:wooden_pickaxe":59,"minecraft:shield":9,"minecraft:stone_hoe":22,"minecraft:torch":23,"minecraft:dirt":72,"minecraft:crafting_table":3,"ironchest:copper_chest":1,"minecraft:granite":18,"minecraft:oak_log":2,"minecraft:apple":1,"minecraft:iron_pickaxe":68,"minecraft:stone_axe":55,"minecraft:oak_sapling":1,"minecraft:furnace":3,"minecraft:andesite":3,"alexsmobs:animal_dictionary":1,"quark:oak_chest":1,"minecraft:cooked_beef":2}},"DataVersion":3465}