{"stats":{"minecraft:killed_by":{"minecraft:player":1,"minecraft:creeper":1,"minecraft:zombie":1},"minecraft:dropped":{"minecraft:oak_sapling":1,"minecraft:stone_pickaxe":1},"minecraft:picked_up":{"minecraft:birch_log":7,"minecraft:seagrass":1,"minecraft:wheat":3,"minecraft:crafting_table":2,"minecraft:feather":4,"minecraft:chicken":4,"minecraft:prismarine_shard":1,"minecraft:andesite":67,"minecraft:leather":11,"create:raw_zinc":27,"minecraft:oak_log":55,"minecraft:amethyst_block":4,"minecraft:dirt":87,"minecraft:string":7,"minecraft:raw_copper":126,"minecraft:bone":8,"minecraft:apple":1,"minecraft:bow":1,"minecraft:wheat_seeds":8,"minecraft:beef":16,"minecraft:calcite":6,"minecraft:sugar_cane":9,"minecraft:furnace":1,"minecraft:stick":6,"minecraft:raw_iron":35,"minecraft:smooth_basalt":8,"minecraft:pumpkin":6,"minecraft:copper_ingot":2,"minecraft:torch":6,"create:andesite_casing":2,"minecraft:gravel":11,"minecraft:porkchop":8,"minecraft:sand":38,"tombstone:grave_dust":4,"minecraft:diorite":14,"quark:oak_chest":1,"minecraft:spider_eye":3,"minecraft:arrow":8,"minecraft:rotten_flesh":5,"minecraft:granite":18,"minecraft:oak_sapling":5,"minecraft:coal":46,"minecraft:cobblestone":95,"quark:crimson_chest":1},"minecraft:broken":{"minecraft:stone_axe":1,"minecraft:wooden_pickaxe":1},"minecraft:killed":{"minecraft:pig":4,"minecraft:zombie_villager":1,"minecraft:spider":4,"minecraft:skeleton":7,"minecraft:zombie":6,"alexsmobs:terrapin":1,"minecraft:chicken":4,"alexsmobs:crow":1,"minecraft:cow":9},"minecraft:mined":{"create:zinc_ore":27,"minecraft:large_amethyst_bud":2,"quark:oak_chest":1,"create:andesite_casing":2,"minecraft:crafting_table":2,"minecraft:torch":3,"minecraft:granite":18,"minecraft:budding_amethyst":2,"minecraft:grass_block":46,"minecraft:calcite":6,"minecraft:tall_grass":1,"minecraft:copper_ore":17,"minecraft:sugar_cane":3,"minecraft:diorite":14,"minecraft:wall_torch":1,"minecraft:amethyst_block":5,"minecraft:furnace":1,"minecraft:iron_ore":35,"minecraft:andesite":67,"minecraft:pumpkin":6,"minecraft:grass":26,"minecraft:oak_log":11,"minecraft:coal_ore":31,"minecraft:small_amethyst_bud":1,"minecraft:gravel":8,"minecraft:sand":38,"minecraft:dirt":42,"minecraft:smooth_basalt":8,"quark:crimson_chest":1,"minecraft:stone":96,"minecraft:oak_leaves":17},"minecraft:custom":{"minecraft:interact_with_furnace":21,"minecraft:mob_kills":39,"minecraft:interact_with_crafting_table":24,"minecraft:leave_game":5,"minecraft:time_since_death":524,"minecraft:climb_one_cm":103,"minecraft:time_since_rest":315,"minecraft:sprint_one_cm":185674,"minecraft:damage_taken":1569,"minecraft:walk_one_cm":216432,"minecraft:damage_blocked_by_shield":660,"minecraft:drop":2,"minecraft:damage_dealt":5472,"minecraft:swim_one_cm":16298,"minecraft:fly_one_cm":217365,"minecraft:open_chest":36,"minecraft:crouch_one_cm":1516,"minecraft:play_time":85721,"tombstone:undead_killed":14,"minecraft:deaths":5,"minecraft:sneak_time":687,"minecraft:walk_under_water_one_cm":31204,"minecraft:jump":1262,"minecraft:walk_on_water_one_cm":20482,"minecraft:total_world_time":85721,"minecraft:fall_one_cm":26640},"minecraft:crafted":{"minecraft:cooked_beef":3,"minecraft:oak_door":3,"create:depot":1,"minecraft:oak_planks":36,"create:andesite_alloy":32,"minecraft:crafting_table":1,"minecraft:wooden_pickaxe":1,"minecraft:iron_sword":1,"create:zinc_nugget":180,"minecraft:furnace":2,"minecraft:copper_ingot":66,"ironchest:copper_chest":1,"minecraft:bone_meal":6,"minecraft:bucket":1,"minecraft:stone_axe":1,"minecraft:bread":1,"minecraft:air":0,"minecraft:shield":1,"minecraft:iron_axe":1,"minecraft:stick":28,"quark:oak_chest":1,"minecraft:iron_ingot":28,"minecraft:iron_pickaxe":1,"minecraft:stone_pickaxe":2,"minecraft:torch":28,"minecraft:stone_hoe":1,"create:zinc_ingot":20},"minecraft:used":{"minecraft:wheat_seeds":8,"minecraft:stone_pickaxe":219,"minecraft:wooden_pickaxe":59,"minecraft:shield":28,"minecraft:iron_sword":80,"minecraft:stone_hoe":22,"minecraft:rotten_flesh":4,"minecraft:oak_door":1,"minecraft:torch":23,"minecraft:dirt":73,"minecraft:crafting_table":3,"ironchest:copper_chest":1,"minecraft:granite":18,"minecraft:oak_log":2,"minecraft:apple":1,"minecraft:chicken":3,"minecraft:iron_axe":10,"minecraft:bread":1,"minecraft:iron_pickaxe":87,"minecraft:stone_axe":58,"minecraft:cobblestone":1,"minecraft:beef":8,"minecraft:furnace":3,"minecraft:oak_sapling":3,"minecraft:andesite":3,"tombstone:gift":2,"alexsmobs:animal_dictionary":1,"quark:oak_chest":1,"minecraft:cooked_beef":2,"minecraft:bone_meal":6}},"DataVersion":3465}