{"stats":{"minecraft:dropped":{"minecraft:wheat_seeds":1},"minecraft:picked_up":{"minecraft:crafting_table":1,"minecraft:feather":2,"minecraft:chicken":2,"minecraft:andesite":26,"minecraft:leather":2,"quark:blossom_log":2,"minecraft:oak_log":9,"minecraft:diorite":4,"minecraft:dirt":102,"minecraft:wheat_seeds":3,"minecraft:beef":3,"minecraft:granite":30,"minecraft:light_gray_wool":2,"minecraft:oak_sapling":1,"minecraft:mutton":7,"minecraft:white_wool":4,"minecraft:cobblestone":11},"minecraft:broken":{"minecraft:wooden_shovel":1},"minecraft:killed":{"minecraft:sheep":6,"minecraft:chicken":2,"minecraft:cow":2},"minecraft:mined":{"minecraft:andesite":18,"minecraft:crafting_table":1,"minecraft:granite":15,"minecraft:grass":10,"minecraft:grass_block":73,"minecraft:oak_log":4,"minecraft:dirt":4,"quark:blossom_log":2,"minecraft:stone":7,"minecraft:diorite":2,"minecraft:oak_leaves":2},"minecraft:custom":{"minecraft:time_since_rest":25923,"minecraft:sprint_one_cm":41019,"minecraft:damage_taken":85,"minecraft:walk_one_cm":90107,"minecraft:mob_kills":10,"minecraft:drop":1,"minecraft:damage_dealt":830,"minecraft:swim_one_cm":1228,"minecraft:interact_with_crafting_table":9,"minecraft:fly_one_cm":79103,"minecraft:open_chest":12,"minecraft:crouch_one_cm":278,"minecraft:play_time":25923,"minecraft:sneak_time":108,"minecraft:walk_under_water_one_cm":422,"minecraft:jump":374,"minecraft:leave_game":1,"minecraft:walk_on_water_one_cm":5423,"minecraft:time_since_death":25923,"minecraft:total_world_time":25923,"minecraft:fall_one_cm":7667},"minecraft:crafted":{"minecraft:oak_planks":36,"minecraft:wooden_shovel":1,"quark:blossom_planks":8,"minecraft:crafting_table":1,"minecraft:stick":8,"quark:oak_chest":2,"minecraft:wooden_pickaxe":1,"minecraft:stone_pickaxe":1,"minecraft:wooden_axe":1,"minecraft:white_bed":1},"minecraft:used":{"minecraft:wooden_axe":11,"minecraft:chicken":2,"minecraft:oak_planks":10,"minecraft:wooden_pickaxe":42,"minecraft:wooden_shovel":60,"minecraft:dirt":45,"minecraft:mutton":5,"minecraft:beef":3,"minecraft:crafting_table":2,"minecraft:oak_sapling":1,"minecraft:andesite":10,"minecraft:white_bed":1,"quark:oak_chest":2}},"DataVersion":3465}