{"stats":{"minecraft:killed_by":{"alexsmobs:centipede_head":1,"minecraft:skeleton":1,"minecraft:creeper":1,"minecraft:zombie":1,"alexsmobs:bison":1},"minecraft:dropped":{"minecraft:enchanted_book":1,"minecraft:wheat_seeds":7,"minecraft:rotten_flesh":2,"minecraft:dirt":9,"minecraft:peony":1,"minecraft:oak_sapling":2,"minecraft:spider_eye":4,"minecraft:sunflower":4,"minecraft:wooden_pickaxe":1,"alexsmobs:raccoon_tail":1,"minecraft:egg":2,"minecraft:bone":2},"minecraft:picked_up":{"minecraft:charcoal":1,"minecraft:crafting_table":7,"minecraft:glow_ink_sac":3,"minecraft:andesite":1,"minecraft:leather":5,"minecraft:gold_block":2,"minecraft:tuff":7,"create:raw_zinc":16,"minecraft:oak_log":55,"minecraft:dirt":18,"minecraft:string":4,"minecraft:raw_copper":51,"minecraft:bone":7,"minecraft:wheat_seeds":7,"minecraft:cobbled_deepslate":22,"minecraft:raw_gold":12,"comforts:sleeping_bag_white":4,"minecraft:beef":5,"alexsmobs:raccoon_tail":1,"minecraft:sugar_cane":19,"minecraft:furnace":3,"minecraft:egg":2,"minecraft:raw_iron":28,"minecraft:smooth_basalt":2,"minecraft:torch":1,"minecraft:dripstone_block":15,"minecraft:pointed_dripstone":16,"tombstone:grave_dust":5,"minecraft:redstone":104,"minecraft:spider_eye":4,"minecraft:bundle":1,"minecraft:arrow":7,"create:crimsite":5,"minecraft:rotten_flesh":4,"minecraft:diamond":3,"minecraft:peony":1,"minecraft:netherrack":4,"create:veridium":24,"tombstone:magic_scroll":1,"minecraft:oak_sapling":2,"minecraft:mutton":4,"minecraft:white_wool":3,"minecraft:cobblestone":35,"minecraft:sunflower":6},"minecraft:broken":{"minecraft:stone_axe":1,"minecraft:wooden_axe":1},"minecraft:killed":{"alexsmobs:raccoon":1,"minecraft:spider":5,"minecraft:horse":2,"minecraft:sheep":3,"minecraft:skeleton":7,"minecraft:zombie":5,"minecraft:cow":3},"minecraft:mined":{"create:zinc_ore":2,"minecraft:deepslate_redstone_ore":21,"create:deepslate_zinc_ore":14,"minecraft:tuff":7,"minecraft:deepslate_diamond_ore":3,"minecraft:crafting_table":7,"minecraft:torch":1,"minecraft:grass_block":2,"minecraft:copper_ore":10,"minecraft:tall_grass":3,"minecraft:deepslate_gold_ore":12,"minecraft:sugar_cane":7,"minecraft:deepslate_copper_ore":4,"minecraft:redstone_ore":1,"minecraft:furnace":3,"minecraft:iron_ore":20,"minecraft:andesite":1,"minecraft:gold_block":2,"minecraft:peony":1,"minecraft:grass":24,"minecraft:pointed_dripstone":3,"minecraft:oak_log":6,"minecraft:deepslate_iron_ore":8,"minecraft:sunflower":10,"minecraft:dripstone_block":15,"minecraft:dirt":8,"minecraft:smooth_basalt":3,"minecraft:netherrack":4,"minecraft:stone":35,"create:veridium":25,"create:crimsite":5,"minecraft:oak_leaves":1,"minecraft:deepslate":19},"minecraft:custom":{"minecraft:interact_with_furnace":14,"minecraft:mob_kills":26,"minecraft:interact_with_crafting_table":12,"minecraft:leave_game":7,"minecraft:time_since_death":15815,"minecraft:sleep_in_bed":4,"minecraft:time_since_rest":5766,"minecraft:sprint_one_cm":188000,"minecraft:damage_taken":1555,"minecraft:walk_one_cm":110761,"tombstone:sneak_grave":1,"minecraft:drop":13,"minecraft:damage_dealt":4172,"minecraft:damage_dealt_absorbed":65,"minecraft:swim_one_cm":26679,"minecraft:fly_one_cm":314127,"minecraft:open_chest":4,"minecraft:play_time":75397,"minecraft:crouch_one_cm":221,"minecraft:sneak_time":184,"tombstone:undead_killed":12,"minecraft:deaths":5,"minecraft:walk_under_water_one_cm":2971,"minecraft:jump":1242,"minecraft:walk_on_water_one_cm":7342,"minecraft:total_world_time":75397,"minecraft:fall_one_cm":36265},"minecraft:crafted":{"minecraft:cooked_beef":3,"minecraft:oak_planks":44,"sophisticatedbackpacks:backpack":1,"minecraft:crafting_table":1,"comforts:sleeping_bag_white":1,"minecraft:wooden_pickaxe":1,"minecraft:furnace":1,"minecraft:stone_axe":2,"minecraft:cooked_mutton":4,"minecraft:air":0,"minecraft:charcoal":3,"tombstone:grave_key":1,"minecraft:stick":16,"quark:oak_chest":3,"minecraft:iron_ingot":5,"minecraft:iron_pickaxe":1,"minecraft:stone_pickaxe":1,"minecraft:wooden_axe":1,"minecraft:chest":2,"minecraft:torch":4},"minecraft:used":{"minecraft:cooked_mutton":3,"minecraft:stone_pickaxe":100,"minecraft:chest":2,"minecraft:wooden_pickaxe":18,"minecraft:torch":1,"minecraft:dirt":9,"minecraft:crafting_table":8,"minecraft:wooden_axe":13,"minecraft:oak_log":1,"minecraft:sunflower":2,"minecraft:iron_pickaxe":104,"tombstone:grave_key":2,"minecraft:stone_axe":92,"minecraft:furnace":3,"alexsmobs:animal_dictionary":2,"tombstone:gift":2,"comforts:sleeping_bag_white":4,"minecraft:cobbled_deepslate":4,"minecraft:cooked_beef":3}},"DataVersion":3465}