{"stats":{"minecraft:killed_by":{"minecraft:creeper":1,"minecraft:zombie":1,"alexsmobs:bison":1},"minecraft:dropped":{"minecraft:wheat_seeds":7,"minecraft:rotten_flesh":2,"minecraft:dirt":8,"minecraft:peony":1,"minecraft:oak_sapling":2,"minecraft:spider_eye":4,"minecraft:sunflower":4,"alexsmobs:raccoon_tail":1,"minecraft:bone":2,"minecraft:egg":2},"minecraft:picked_up":{"minecraft:charcoal":1,"minecraft:crafting_table":6,"minecraft:andesite":1,"minecraft:leather":5,"minecraft:tuff":1,"create:raw_zinc":2,"minecraft:oak_log":55,"minecraft:dirt":16,"minecraft:string":4,"minecraft:raw_copper":51,"minecraft:bone":5,"minecraft:wheat_seeds":7,"comforts:sleeping_bag_white":3,"minecraft:beef":5,"alexsmobs:raccoon_tail":1,"minecraft:sugar_cane":19,"minecraft:egg":2,"minecraft:furnace":3,"minecraft:raw_iron":6,"minecraft:torch":1,"minecraft:dripstone_block":8,"minecraft:pointed_dripstone":8,"tombstone:grave_dust":5,"minecraft:redstone":32,"minecraft:spider_eye":4,"minecraft:bundle":1,"minecraft:arrow":6,"minecraft:rotten_flesh":4,"minecraft:peony":1,"create:veridium":22,"minecraft:oak_sapling":2,"minecraft:mutton":4,"minecraft:white_wool":3,"minecraft:cobblestone":17,"minecraft:sunflower":6},"minecraft:broken":{"minecraft:wooden_axe":1},"minecraft:killed":{"alexsmobs:raccoon":1,"minecraft:spider":5,"minecraft:sheep":3,"minecraft:horse":2,"minecraft:skeleton":5,"minecraft:zombie":5,"minecraft:cow":3},"minecraft:mined":{"minecraft:deepslate_redstone_ore":7,"create:deepslate_zinc_ore":2,"minecraft:tuff":1,"minecraft:crafting_table":6,"minecraft:torch":1,"minecraft:copper_ore":10,"minecraft:tall_grass":3,"minecraft:sugar_cane":7,"minecraft:deepslate_copper_ore":4,"minecraft:furnace":3,"minecraft:iron_ore":5,"minecraft:andesite":1,"minecraft:peony":1,"minecraft:grass":24,"minecraft:pointed_dripstone":3,"minecraft:oak_log":6,"minecraft:deepslate_iron_ore":1,"minecraft:sunflower":10,"minecraft:dripstone_block":8,"minecraft:dirt":8,"minecraft:stone":17,"create:veridium":22,"minecraft:oak_leaves":1},"minecraft:custom":{"minecraft:interact_with_furnace":14,"minecraft:mob_kills":24,"minecraft:interact_with_crafting_table":9,"minecraft:leave_game":2,"minecraft:time_since_death":909,"minecraft:sleep_in_bed":3,"minecraft:time_since_rest":274,"minecraft:sprint_one_cm":149546,"minecraft:damage_taken":1040,"minecraft:walk_one_cm":70466,"minecraft:drop":10,"minecraft:damage_dealt":3674,"minecraft:fly_one_cm":262651,"minecraft:swim_one_cm":26027,"minecraft:crouch_one_cm":221,"minecraft:play_time":51459,"tombstone:undead_killed":10,"minecraft:deaths":3,"minecraft:sneak_time":174,"minecraft:walk_under_water_one_cm":2844,"minecraft:jump":897,"minecraft:walk_on_water_one_cm":4525,"minecraft:total_world_time":51459,"minecraft:fall_one_cm":30071},"minecraft:crafted":{"minecraft:cooked_beef":3,"minecraft:oak_planks":28,"sophisticatedbackpacks:backpack":1,"minecraft:crafting_table":1,"comforts:sleeping_bag_white":1,"minecraft:wooden_pickaxe":1,"minecraft:furnace":1,"minecraft:stone_axe":1,"minecraft:cooked_mutton":4,"minecraft:air":0,"minecraft:charcoal":3,"tombstone:grave_key":1,"minecraft:stick":16,"quark:oak_chest":1,"minecraft:iron_ingot":5,"minecraft:iron_pickaxe":1,"minecraft:stone_pickaxe":1,"minecraft:wooden_axe":1,"minecraft:torch":4},"minecraft:used":{"minecraft:cooked_mutton":3,"minecraft:stone_pickaxe":58,"minecraft:wooden_pickaxe":18,"minecraft:torch":1,"minecraft:dirt":8,"minecraft:crafting_table":6,"minecraft:oak_log":1,"minecraft:wooden_axe":13,"minecraft:sunflower":2,"minecraft:iron_pickaxe":9,"minecraft:stone_axe":80,"minecraft:furnace":3,"tombstone:gift":1,"alexsmobs:animal_dictionary":2,"comforts:sleeping_bag_white":3,"minecraft:cooked_beef":3}},"DataVersion":3465}